City_ID,City,Lat,Lng,Max Temp,Humidity,Cloudiness,Wind Speed,Country,Date
0,Kapaa,22.0752,-159.319,84.18,78,75,17.27,US,2022-07-14 03:13:13
1,Matay,28.419,30.7792,71.19,67,1,11.5,EG,2022-07-14 03:14:48
2,Manokwari,-0.8667,134.0833,83.23,71,41,7.34,ID,2022-07-14 03:14:48
3,Busselton,-33.65,115.3333,62.15,81,81,19.89,AU,2022-07-14 03:14:48
4,Orlik,52.5178,99.825,53.37,77,100,2.04,RU,2022-07-14 03:14:49
5,Marolambo,-20.05,48.1167,59.22,96,81,1.79,MG,2022-07-14 03:14:49
6,Kapoeta,4.7717,33.5903,73.89,66,83,1.43,SS,2022-07-14 03:14:50
7,Khatanga,71.9667,102.5,46.45,74,100,10.54,RU,2022-07-14 03:14:50
8,Coxim,-18.5067,-54.76,71.47,48,10,1.63,BR,2022-07-14 03:14:50
9,Rikitea,-23.1203,-134.9692,70.61,79,93,7.2,PF,2022-07-14 03:14:51
10,Qaanaaq,77.484,-69.3632,38.91,97,100,6.69,GL,2022-07-14 03:14:35
11,Boshnyakovo,49.6333,142.1667,67.93,76,87,4.97,RU,2022-07-14 03:14:51
12,Salalah,17.0151,54.0924,77.09,100,100,5.75,OM,2022-07-14 03:14:52
13,Vaini,-21.2,-175.2,76.69,86,8,19.35,TO,2022-07-14 03:14:52
14,Singkang,2.1006,102.7994,85.89,67,98,2.57,MY,2022-07-14 03:14:52
15,Edd,13.9297,41.6925,89.47,62,100,3.56,ER,2022-07-14 03:14:53
16,Jensen Beach,27.2545,-80.2298,80.06,90,5,8.39,US,2022-07-14 03:14:53
17,Kem,64.9555,34.5793,63.5,81,100,5.77,RU,2022-07-14 03:14:54
18,New Norfolk,-42.7826,147.0587,55.92,80,100,1.01,AU,2022-07-14 03:14:54
19,Guerrero Negro,27.9769,-114.0611,65.79,84,2,18.63,MX,2022-07-14 03:14:54
20,Ushuaia,-54.8,-68.3,33.46,75,20,4.61,AR,2022-07-14 03:11:40
21,Hermanus,-34.4187,19.2345,56.8,87,93,14.45,ZA,2022-07-14 03:14:55
22,Chokurdakh,70.6333,147.9167,57.2,39,4,10.38,RU,2022-07-14 03:14:55
23,East London,-33.0153,27.9116,58.33,51,0,8.5,ZA,2022-07-14 03:14:56
24,Plettenberg Bay,-34.0527,23.3716,61.0,53,94,12.68,ZA,2022-07-14 03:14:56
25,Faanui,-16.4833,-151.75,78.67,67,89,19.17,PF,2022-07-14 03:14:57
26,Albany,42.6001,-73.9662,67.3,87,82,2.91,US,2022-07-14 03:12:36
27,Kununurra,-15.7667,128.7333,71.58,21,14,13.8,AU,2022-07-14 03:14:57
28,Bathsheba,13.2167,-59.5167,81.21,86,20,17.27,BB,2022-07-14 03:13:19
29,Jamestown,42.097,-79.2353,64.04,82,100,4.61,US,2022-07-14 03:14:18
30,Lorengau,-2.0226,147.2712,85.53,67,74,7.4,PG,2022-07-14 03:14:58
31,Punta Arenas,-53.15,-70.9167,35.71,80,75,14.97,CL,2022-07-14 03:10:21
32,Puerto Ayora,-0.7393,-90.3518,69.55,92,48,7.0,EC,2022-07-14 03:14:58
33,Cabo San Lucas,22.8909,-109.9124,88.9,69,1,12.08,MX,2022-07-14 03:14:09
34,Beringovskiy,63.05,179.3167,49.3,88,100,5.66,RU,2022-07-14 03:14:58
35,Altay,47.8667,88.1167,66.02,47,80,6.11,CN,2022-07-14 03:14:59
36,Dingle,10.9995,122.6711,86.41,72,63,5.99,PH,2022-07-14 03:14:59
37,Teluknaga,-6.0989,106.6381,88.56,74,20,9.22,ID,2022-07-14 03:15:00
38,Rabat,33.9911,-6.8401,71.15,100,40,3.44,MA,2022-07-14 03:15:00
39,Tortoli,39.9256,9.6572,73.09,65,0,3.44,IT,2022-07-14 03:15:00
40,Hambantota,6.1241,81.1185,83.5,67,49,22.28,LK,2022-07-14 03:15:01
41,Itupiranga,-5.1347,-49.3267,75.52,62,23,0.45,BR,2022-07-14 03:15:01
42,Vanavara,60.34,102.2797,57.56,63,100,5.17,RU,2022-07-14 03:15:02
43,Athabasca,54.7169,-113.2854,55.62,83,36,5.35,CA,2022-07-14 03:15:02
44,Yellowknife,62.456,-114.3525,59.52,72,75,11.5,CA,2022-07-14 03:13:01
45,Tura,25.5198,90.2201,86.07,70,33,1.19,IN,2022-07-14 03:15:03
46,Tasiilaq,65.6145,-37.6368,36.09,80,4,5.17,GL,2022-07-14 03:15:03
47,Torbay,47.6666,-52.7314,65.75,89,100,19.57,CA,2022-07-14 03:15:03
48,Hilo,19.7297,-155.09,85.28,94,100,4.61,US,2022-07-14 03:15:04
49,Lebu,-37.6167,-73.65,42.1,87,21,8.12,CL,2022-07-14 03:16:04
50,Mitsamiouli,-11.3847,43.2844,77.41,73,4,8.55,KM,2022-07-14 03:16:05
51,Avarua,-21.2078,-159.775,75.25,64,75,10.36,CK,2022-07-14 03:16:05
52,Sao Miguel Do Araguaia,-13.275,-50.1628,73.72,36,20,3.62,BR,2022-07-14 03:16:05
53,Bluff,-46.6,168.3333,45.81,69,68,13.27,NZ,2022-07-14 03:16:06
54,Port Hardy,50.6996,-127.4199,51.8,82,100,6.24,CA,2022-07-14 03:15:11
55,Airai,-8.9266,125.4092,67.62,57,100,3.85,TL,2022-07-14 03:15:49
56,Norman Wells,65.282,-126.8329,57.24,82,100,16.11,CA,2022-07-14 03:16:07
57,Mataura,-46.1927,168.8643,45.48,91,54,5.1,NZ,2022-07-14 03:16:07
58,Mar Del Plata,-38.0023,-57.5575,50.09,81,0,13.0,AR,2022-07-14 03:16:07
59,Moose Factory,51.2585,-80.6094,50.0,93,0,2.3,CA,2022-07-14 03:16:08
60,Ambilobe,-13.2,49.05,64.51,85,3,3.96,MG,2022-07-14 03:16:08
61,Bima,-8.4667,118.7167,85.12,56,82,6.53,ID,2022-07-14 03:16:09
62,Provideniya,64.3833,-173.3,59.11,72,40,8.95,RU,2022-07-14 03:16:09
63,Penha,-26.7694,-48.6458,58.87,82,75,6.91,BR,2022-07-14 03:11:19
64,Katsuura,35.1333,140.3,77.2,86,100,13.94,JP,2022-07-14 03:15:48
65,Kavaratti,10.5669,72.642,81.19,83,100,21.39,IN,2022-07-14 03:13:19
66,Iqaluit,63.7506,-68.5145,40.73,80,75,3.44,CA,2022-07-14 03:16:10
67,Hobyo,5.3505,48.5268,77.74,77,90,21.03,SO,2022-07-14 03:16:10
68,Cape Town,-33.9258,18.4232,58.87,93,100,4.0,ZA,2022-07-14 03:11:20
69,Tuktoyaktuk,69.4541,-133.0374,39.2,93,100,21.85,CA,2022-07-14 03:16:11
70,West Bay,19.3667,-81.4167,84.27,83,20,11.5,KY,2022-07-14 03:16:11
71,Kashmor,28.4333,69.5833,91.36,57,100,9.64,PK,2022-07-14 03:16:12
72,Itarema,-2.9248,-39.9167,78.76,80,9,14.63,BR,2022-07-14 03:16:12
73,Tiksi,71.6872,128.8694,42.12,87,92,8.59,RU,2022-07-14 03:16:12
74,Gold Coast,-28.0,153.4333,68.23,65,13,18.41,AU,2022-07-14 03:15:13
75,Ribeira Grande,38.5167,-28.7,69.6,94,99,12.48,PT,2022-07-14 03:15:50
76,Muros,42.7762,-9.0603,74.84,77,40,8.7,ES,2022-07-14 03:16:13
77,Bredasdorp,-34.5322,20.0403,58.66,77,83,15.52,ZA,2022-07-14 03:16:13
78,Kysyl-Syr,63.8986,122.7617,79.92,51,57,2.66,RU,2022-07-14 03:16:14
79,Pevek,69.7008,170.3133,39.13,77,92,13.87,RU,2022-07-14 03:16:14
80,Bambous Virieux,-20.3428,57.7575,70.05,73,75,11.5,MU,2022-07-14 03:16:14
81,Sydney,-33.8679,151.2073,59.77,76,75,31.07,AU,2022-07-14 03:11:19
82,Vanimo,-2.6741,141.3028,84.54,69,100,4.07,PG,2022-07-14 03:16:15
83,Hohhot,40.8106,111.6522,82.69,30,0,6.71,CN,2022-07-14 03:16:15
84,Cherskiy,68.75,161.3,52.88,51,36,20.22,RU,2022-07-14 03:16:16
85,Alekseyevka,50.6309,38.6903,59.77,76,100,4.9,RU,2022-07-14 03:16:16
86,Dunkwa,5.9656,-1.78,71.13,98,100,1.86,GH,2022-07-14 03:16:17
87,Port Alfred,-33.5906,26.891,54.18,72,0,3.0,ZA,2022-07-14 03:13:28
88,Frederico Westphalen,-27.3592,-53.3944,56.44,94,22,3.91,BR,2022-07-14 03:16:17
89,Noumea,-22.2763,166.4572,73.0,99,100,18.12,NC,2022-07-14 03:16:18
90,Kloulklubed,7.0419,134.2556,84.7,73,54,6.02,PW,2022-07-14 03:16:18
91,Atuona,-9.8,-139.0333,77.81,74,18,18.84,PF,2022-07-14 03:17:19
92,Houlton,46.1262,-67.8403,58.71,86,0,0.0,US,2022-07-14 03:17:19
93,San Carlos De Bariloche,-41.1456,-71.3082,28.15,86,75,6.91,AR,2022-07-14 03:17:19
94,Greymouth,-42.4667,171.2,53.65,72,52,2.21,NZ,2022-07-14 03:17:20
95,Camacha,33.0833,-16.3333,62.02,82,20,0.0,PT,2022-07-14 03:17:20
96,Belyy Yar,53.6039,91.3903,60.85,63,0,4.47,RU,2022-07-14 03:17:20
97,Juneau,58.3019,-134.4197,58.21,93,100,8.05,US,2022-07-14 03:17:21
98,Ahipara,-35.1667,173.1667,55.89,96,100,14.27,NZ,2022-07-14 03:17:21
99,San Quintin,30.4833,-115.95,65.25,85,33,12.1,MX,2022-07-14 03:17:22
100,Kodiak,57.79,-152.4072,56.71,82,100,4.61,US,2022-07-14 03:17:22
101,Hobart,-42.8794,147.3294,56.26,70,75,10.36,AU,2022-07-14 03:15:49
102,Nkhotakota,-12.9274,34.2961,65.5,66,4,9.55,MW,2022-07-14 03:17:23
103,Syamzha,60.0158,41.0614,60.51,91,62,4.81,RU,2022-07-14 03:17:23
104,Galveston,29.3669,-94.9669,86.05,82,20,10.36,US,2022-07-14 03:17:24
105,Naousa,40.6329,22.0534,63.48,49,0,5.17,GR,2022-07-14 03:17:24
106,Narsaq,60.9167,-46.05,48.42,66,100,4.27,GL,2022-07-14 03:17:25
107,Port Lincoln,-34.7333,135.8667,58.32,59,1,5.93,AU,2022-07-14 03:14:37
108,Omsukchan,62.5333,155.8,74.88,57,22,11.79,RU,2022-07-14 03:17:25
109,Isangel,-19.55,169.2667,84.31,74,75,11.5,VU,2022-07-14 03:17:26
110,Husavik,66.0449,-17.3389,47.1,76,98,7.99,IS,2022-07-14 03:17:26
111,Poum,-20.2333,164.0167,73.83,60,98,17.47,NC,2022-07-14 03:17:26
112,Lompoc,34.6391,-120.4579,67.01,82,100,10.36,US,2022-07-14 03:17:27
113,Hanko,59.8333,22.95,59.14,77,44,14.41,FI,2022-07-14 03:17:27
114,Ketchikan,55.3422,-131.6461,54.07,94,100,16.11,US,2022-07-14 03:17:27
115,Kupang,-10.1667,123.5833,81.54,58,9,14.41,ID,2022-07-14 03:17:28
116,Butaritari,3.0707,172.7902,82.06,79,10,18.14,KI,2022-07-14 03:17:28
117,Upernavik,72.7868,-56.1549,39.83,88,92,12.53,GL,2022-07-14 03:17:29
118,Bandarbeyla,9.4942,50.8122,79.93,65,100,27.22,SO,2022-07-14 03:17:29
119,Nantucket,41.2835,-70.0995,73.51,93,0,4.61,US,2022-07-14 03:16:45
120,Bereda,43.2686,-7.5406,71.42,100,39,1.77,ES,2022-07-14 03:17:29
121,Saskylakh,71.9167,114.0833,47.07,64,100,9.33,RU,2022-07-14 03:17:30
122,Betare Oya,5.6,14.0833,66.74,99,100,3.06,CM,2022-07-14 03:17:30
123,Ust-Nera,64.5667,143.2,72.23,58,84,4.94,RU,2022-07-14 03:14:32
124,De-Kastri,51.4667,140.7833,71.02,76,100,6.2,RU,2022-07-14 03:17:30
125,Viedma,-40.8135,-62.9967,44.89,75,100,6.67,AR,2022-07-14 03:16:23
126,Forbes,-33.3833,148.0167,53.92,53,0,5.79,AU,2022-07-14 03:17:31
127,Malakal,9.5334,31.6605,72.18,88,99,4.94,SS,2022-07-14 03:17:31
128,El Alto,-4.2714,-81.2147,61.41,88,29,14.29,PE,2022-07-14 03:17:32
129,Khatra,22.9833,86.85,85.39,73,89,19.42,IN,2022-07-14 03:17:32
130,Cidreira,-30.1811,-50.2056,57.99,82,12,20.69,BR,2022-07-14 03:17:33
131,Kitimat,54.0524,-128.6534,55.78,25,100,2.46,CA,2022-07-14 03:17:33
132,Hovd,48.0056,91.6419,61.86,51,5,4.94,MN,2022-07-14 03:17:33
133,Hithadhoo,-0.6,73.0833,83.25,73,23,13.04,MV,2022-07-14 03:17:34
134,Quatre Cocos,-20.2078,57.7625,69.91,64,95,15.52,MU,2022-07-14 03:17:34
135,Amga,60.8953,131.9608,81.45,51,87,3.83,RU,2022-07-14 03:17:35
136,Cap Malheureux,-19.9842,57.6142,66.47,82,100,7.0,MU,2022-07-14 03:18:35
137,Arraial Do Cabo,-22.9661,-42.0278,70.59,89,65,13.31,BR,2022-07-14 03:18:35
138,Saint Anthony,45.0205,-93.218,71.22,76,0,8.05,US,2022-07-14 03:16:54
139,Sao Paulo De Olivenca,-3.3783,-68.8725,73.24,96,78,0.56,BR,2022-07-14 03:18:36
140,Coquimbo,-29.9533,-71.3436,55.13,87,100,5.75,CL,2022-07-14 03:18:36
141,Kaitangata,-46.2817,169.8464,45.43,85,90,8.93,NZ,2022-07-14 03:18:37
142,Hasaki,35.7333,140.8333,77.4,82,93,12.97,JP,2022-07-14 03:18:37
143,Kieta,-6.2167,155.6333,85.84,67,83,8.37,PG,2022-07-14 03:18:37
144,Eenhana,-17.4667,16.3333,52.56,47,0,7.0,NA,2022-07-14 03:18:38
145,Kozmodemyansk,56.3367,46.5711,64.44,97,100,5.84,RU,2022-07-14 03:18:38
146,Georgetown,5.4112,100.3354,86.9,76,20,4.61,MY,2022-07-14 03:18:39
147,Baghdad,33.3406,44.4009,87.71,29,0,14.97,IQ,2022-07-14 03:15:04
148,Wamba,8.9333,8.6,70.93,91,100,2.19,NG,2022-07-14 03:18:39
149,Breytovo,58.2993,37.8617,58.77,80,7,8.05,RU,2022-07-14 03:18:39
150,Armidale,-30.5167,151.65,43.77,76,100,9.48,AU,2022-07-14 03:18:40
151,Lavrentiya,65.5833,-171.0,53.19,65,25,6.87,RU,2022-07-14 03:18:40
152,Codrington,-38.2667,141.9667,53.64,70,100,6.17,AU,2022-07-14 03:18:40
153,Arlit,18.7369,7.3853,90.64,13,37,14.97,NE,2022-07-14 03:18:41
154,Tynda,55.1667,124.7167,74.39,67,100,3.09,RU,2022-07-14 03:18:41
155,Krasnyye Tkachi,57.4926,39.7563,60.62,82,65,5.03,RU,2022-07-14 03:18:42
156,Canarana,-11.6847,-41.7689,65.43,67,0,9.91,BR,2022-07-14 03:18:42
157,Grindavik,63.8424,-22.4338,46.87,100,75,9.22,IS,2022-07-14 03:18:42
158,Bengkulu,-3.8004,102.2655,83.3,70,32,2.39,ID,2022-07-14 03:18:43
159,Erzin,36.9559,36.2,74.34,88,42,1.21,TR,2022-07-14 03:18:43
160,The Valley,18.217,-63.0578,81.82,74,100,20.76,AI,2022-07-14 03:18:43
161,Kalianget,-7.05,113.9333,82.44,74,99,14.41,ID,2022-07-14 03:18:44
162,Gizo,-8.103,156.8419,84.18,70,21,7.25,SB,2022-07-14 03:18:44
163,Nikolskoye,59.7035,30.7861,64.87,79,43,5.61,RU,2022-07-14 03:18:45
164,Esso,55.9333,158.7,81.81,30,59,11.12,RU,2022-07-14 03:18:45
165,Seoul,37.5683,126.9778,81.97,74,75,5.75,KR,2022-07-14 03:18:45
166,Leshukonskoye,64.8989,45.7622,72.81,62,84,6.06,RU,2022-07-14 03:18:46
167,Charters Towers,-20.1,146.2667,62.22,35,0,15.17,AU,2022-07-14 03:18:46
168,Aksay,47.26,39.87,66.25,51,0,7.0,RU,2022-07-14 03:18:47
169,Shatrovo,56.5167,64.6333,71.83,74,1,5.99,RU,2022-07-14 03:18:47
170,Kruisfontein,-34.0033,24.7314,54.88,52,60,15.01,ZA,2022-07-14 03:18:48
171,Alekseyevsk,57.8406,108.3492,56.73,92,100,4.76,RU,2022-07-14 03:18:48
172,Verkhnevilyuysk,63.4453,120.3167,74.03,60,32,5.48,RU,2022-07-14 03:18:48
173,Aban,56.67,96.06,61.84,52,15,8.61,RU,2022-07-14 03:18:49
174,Naryan-Mar,67.6713,53.087,67.26,77,15,13.87,RU,2022-07-14 03:18:49
175,Nador,35.174,-2.9287,73.65,94,75,5.75,MA,2022-07-14 03:18:50
176,Sorland,67.667,12.6934,51.66,86,100,8.21,NO,2022-07-14 03:18:50
177,Ancud,-41.8697,-73.8203,41.23,89,100,10.85,CL,2022-07-14 03:18:51
178,Chapais,49.7834,-74.8492,51.58,75,80,2.46,CA,2022-07-14 03:18:51
179,Marawi,7.9986,124.2928,82.87,60,11,2.19,PH,2022-07-14 03:15:57
180,Chara,56.9064,118.2631,70.56,62,75,1.79,RU,2022-07-14 03:18:51
181,Kachug,53.9606,105.8817,63.21,82,100,3.11,RU,2022-07-14 03:18:52
182,Los Llanos De Aridane,28.6585,-17.9182,64.15,76,20,4.61,ES,2022-07-14 03:18:52
183,Bodden Town,19.2833,-81.25,84.2,81,20,11.5,KY,2022-07-14 03:18:52
184,Anchorage,61.2181,-149.9003,60.85,79,100,6.91,US,2022-07-14 03:16:27
185,Liwale,-9.7667,37.9333,65.61,72,88,1.9,TZ,2022-07-14 03:19:53
186,Verkhnyaya Inta,65.9811,60.3094,71.4,71,80,0.96,RU,2022-07-14 03:19:53
187,Jaruco,23.0431,-82.0108,74.43,81,24,4.32,CU,2022-07-14 03:19:54
188,Caico,-6.4583,-37.0978,73.53,72,28,15.95,BR,2022-07-14 03:19:54
189,Necochea,-38.5473,-58.7368,46.96,63,100,8.28,AR,2022-07-14 03:19:54
190,Pitimbu,-7.4706,-34.8086,72.19,87,31,10.98,BR,2022-07-14 03:19:55
191,Thompson,55.7435,-97.8558,73.56,49,40,4.61,CA,2022-07-14 03:19:55
192,Dikson,73.5069,80.5464,44.51,70,99,6.64,RU,2022-07-14 03:19:56
193,Saint George,37.1041,-113.5841,99.19,20,0,10.36,US,2022-07-14 03:17:20
194,Vestmanna,62.1564,-7.1664,47.32,81,100,12.66,FO,2022-07-14 03:19:56
195,Srednekolymsk,67.45,153.6833,62.49,53,59,14.83,RU,2022-07-14 03:19:56
196,Madarounfa,13.3087,7.156,81.3,65,100,15.77,NE,2022-07-14 03:19:57
197,Cuajinicuilapa,16.4667,-98.4167,76.21,93,95,5.1,MX,2022-07-14 03:19:57
198,Saint-Augustin,51.226,-58.6502,52.65,72,100,12.19,CA,2022-07-14 03:19:58
199,Lata,40.1629,-8.3327,75.07,29,29,3.31,PT,2022-07-14 03:19:58
200,Castro,-24.7911,-50.0119,52.45,96,100,7.85,BR,2022-07-14 03:19:58
201,Kaitong,44.8135,123.15,72.5,76,93,17.31,CN,2022-07-14 03:19:59
202,Fortuna,40.5982,-124.1573,59.94,80,0,4.0,US,2022-07-14 03:19:59
203,Alibag,18.6411,72.8792,80.67,88,100,24.54,IN,2022-07-14 03:19:59
204,Kastamonu,41.5,33.6667,52.23,94,0,2.86,TR,2022-07-14 03:20:00
205,Skjervoy,70.0311,20.9714,55.4,89,73,3.0,NO,2022-07-14 03:20:00
206,Shahr-E Babak,30.1165,55.1186,71.51,20,0,10.96,IR,2022-07-14 03:20:01
207,Samarai,-10.6167,150.6667,77.7,79,100,20.65,PG,2022-07-14 03:20:01
208,Hami,42.8,93.45,85.33,22,65,6.51,CN,2022-07-14 03:20:02
209,Mahebourg,-20.4081,57.7,70.09,73,75,11.5,MU,2022-07-14 03:20:02
210,Xuddur,4.1213,43.8894,70.61,82,100,19.77,SO,2022-07-14 03:20:03
211,Orchard Homes,46.8633,-114.0484,84.34,39,100,11.5,US,2022-07-14 03:20:03
212,Solhan,38.9634,41.0293,66.49,68,0,5.19,TR,2022-07-14 03:20:03
213,Fare,-16.7,-151.0167,78.1,70,45,18.05,PF,2022-07-14 03:20:04
214,Celestun,20.8667,-90.4,83.86,69,94,9.62,MX,2022-07-14 03:20:04
215,Chuy,-33.6971,-53.4616,45.63,91,1,7.23,UY,2022-07-14 03:20:05
216,Imeni Poliny Osipenko,52.4201,136.4853,70.99,83,100,8.5,RU,2022-07-14 03:20:05
217,Bouloupari,-21.8667,166.05,67.91,79,98,10.94,NC,2022-07-14 03:20:05
218,Aksarka,66.5606,67.7975,66.34,77,19,2.3,RU,2022-07-14 03:20:06
219,Carnarvon,-24.8667,113.6333,72.45,67,0,10.36,AU,2022-07-14 03:20:06
220,Nanortalik,60.1432,-45.2371,45.39,77,100,6.51,GL,2022-07-14 03:20:07
221,Meulaboh,4.1363,96.1285,82.85,74,24,6.87,ID,2022-07-14 03:20:07
222,Itoman,26.1247,127.6694,87.82,79,75,5.75,JP,2022-07-14 03:20:07
223,Cacapava,-23.1008,-45.7069,61.05,93,100,2.77,BR,2022-07-14 03:17:38
224,Troy,42.6056,-83.1499,67.93,84,0,5.75,US,2022-07-14 03:20:08
225,Leningradskiy,69.3833,178.4167,39.65,79,96,9.1,RU,2022-07-14 03:20:08
226,Santa Maria,-29.6842,-53.8069,50.76,89,29,6.24,BR,2022-07-14 03:15:26
227,Cap-Aux-Meules,47.3821,-61.8597,60.82,72,39,2.3,CA,2022-07-14 03:20:02
228,Naze,28.3667,129.4833,85.12,73,99,10.16,JP,2022-07-14 03:20:09
229,Ponta Do Sol,32.6667,-17.1,67.71,76,29,1.61,PT,2022-07-14 03:21:09
230,Lillesand,58.2488,8.3778,55.44,62,71,5.75,NO,2022-07-14 03:21:10
231,Ormara,25.2088,64.6357,84.69,85,34,5.91,PK,2022-07-14 03:21:10
232,Fez,34.0372,-4.9998,79.05,19,0,3.44,MA,2022-07-14 03:21:11
233,Pangody,65.85,74.4859,62.51,48,78,9.08,RU,2022-07-14 03:21:11
234,Sorong,-0.8833,131.25,81.86,83,27,7.9,ID,2022-07-14 03:21:11
235,Columbus,39.9612,-82.9988,69.22,95,0,5.75,US,2022-07-14 03:19:57
236,La Ronge,55.1001,-105.2842,82.62,41,75,12.66,CA,2022-07-14 03:21:12
237,Jiangkou,25.4872,119.1986,87.49,65,100,6.15,CN,2022-07-14 03:21:12
238,Berlevag,70.8578,29.0864,58.8,96,100,12.77,NO,2022-07-14 03:21:13
239,Hay River,60.8156,-115.7999,64.38,52,74,5.75,CA,2022-07-14 03:21:13
240,De Aar,-30.6497,24.0123,44.33,41,0,5.17,ZA,2022-07-14 03:21:13
241,Tagab,34.855,69.6492,77.7,24,0,2.66,AF,2022-07-14 03:21:14
242,Victoria,22.2855,114.1577,91.33,73,94,5.01,HK,2022-07-14 03:17:25
243,Taksimo,56.3444,114.8794,75.0,51,42,3.24,RU,2022-07-14 03:21:14
244,Alyangula,-13.8483,136.4192,74.01,57,52,17.74,AU,2022-07-14 03:21:15
245,Longyearbyen,78.2186,15.6401,48.04,93,75,4.61,SJ,2022-07-14 03:21:15
246,Saint-Pierre,-21.3393,55.4781,66.9,82,15,8.05,RE,2022-07-14 03:21:15
247,Juegang,32.3174,121.1855,93.94,59,79,7.76,CN,2022-07-14 03:21:15
248,Port Elizabeth,-33.918,25.5701,61.09,69,20,19.57,ZA,2022-07-14 03:21:16
249,Yenagoa,4.9247,6.2642,73.51,94,100,3.69,NG,2022-07-14 03:21:16
250,Olafsvik,64.8945,-23.7142,49.01,82,100,6.64,IS,2022-07-14 03:21:17
251,Udachnyy,66.4167,112.4,61.45,58,28,10.45,RU,2022-07-14 03:21:17
252,Belmonte,-15.8631,-38.8828,70.88,88,34,4.61,BR,2022-07-14 03:21:18
253,Mogadishu,2.0371,45.3438,75.87,89,97,16.31,SO,2022-07-14 03:21:18
254,Kolondieba,11.0882,-6.8926,75.47,76,75,4.61,ML,2022-07-14 03:21:18
255,Mount Gambier,-37.8333,140.7667,53.51,87,100,11.5,AU,2022-07-14 03:21:19
256,Laguna,38.421,-121.4238,87.69,47,0,8.05,US,2022-07-14 03:21:19
257,Galesong,-5.3166,119.3661,84.22,83,100,6.98,ID,2022-07-14 03:21:20
258,North Platte,41.1239,-100.7654,82.11,61,0,13.0,US,2022-07-14 03:19:20
259,Lander,42.833,-108.7307,83.21,26,0,9.22,US,2022-07-14 03:21:20
260,Sao Gabriel Da Cachoeira,-0.1303,-67.0892,71.67,99,100,1.36,BR,2022-07-14 03:21:20
261,Delta Del Tigre,-34.7633,-56.3853,46.89,79,16,11.36,UY,2022-07-14 03:21:21
262,Kondinskoye,59.6481,67.41,71.1,78,49,6.02,RU,2022-07-14 03:21:21
263,San Antonio,29.4241,-98.4936,93.27,52,0,14.97,US,2022-07-14 03:17:56
264,Kidal,18.4411,1.4078,88.65,38,74,13.38,ML,2022-07-14 03:21:22
265,Acapulco,16.8634,-99.8901,82.22,78,40,2.3,MX,2022-07-14 03:21:22
266,Nenjiang,49.1833,125.2167,75.78,73,100,13.13,CN,2022-07-14 03:21:22
267,Ryotsu,38.0833,138.4333,78.28,79,99,5.86,JP,2022-07-14 03:21:23
268,Gay,51.4666,58.4552,70.32,54,30,8.32,RU,2022-07-14 03:21:23
269,Okha,53.5739,142.9478,60.69,81,43,15.05,RU,2022-07-14 03:21:24
270,Sabang,5.8933,95.3214,82.54,78,99,14.65,ID,2022-07-14 03:21:24
271,Jiayuguan,39.8167,98.3,72.93,35,100,10.87,CN,2022-07-14 03:21:24
272,Bourges,47.25,2.4167,60.39,46,67,1.14,FR,2022-07-14 03:21:25
273,Jackson,42.4165,-122.8345,85.87,32,0,9.22,US,2022-07-14 03:21:25
274,Sao Joao Da Barra,-21.6403,-41.0511,69.15,94,33,5.99,BR,2022-07-14 03:21:26
275,Talnakh,69.4865,88.3972,58.21,42,45,1.32,RU,2022-07-14 03:21:26
276,Huarmey,-10.0681,-78.1522,61.56,85,95,11.63,PE,2022-07-14 03:22:26
277,Wajid,3.8093,43.2471,72.07,79,100,19.39,SO,2022-07-14 03:22:27
278,Buraydah,26.326,43.975,82.85,15,94,5.88,SA,2022-07-14 03:22:27
279,Royan,45.6285,-1.0281,67.78,54,45,5.7,FR,2022-07-14 03:22:28
280,Saldanha,-33.0117,17.9442,55.45,94,100,8.66,ZA,2022-07-14 03:22:28
281,Tautira,-17.7333,-149.15,76.82,66,38,16.73,PF,2022-07-14 03:22:28
282,Belaya Gora,68.5333,146.4167,56.66,62,100,7.72,RU,2022-07-14 03:22:29
283,Nemuro,43.3236,145.575,61.21,92,99,10.13,JP,2022-07-14 03:22:29
284,Aklavik,68.2191,-135.0107,42.17,72,99,23.2,CA,2022-07-14 03:22:30
285,Bonthe,7.5264,-12.505,75.45,90,84,6.04,SL,2022-07-14 03:22:30
286,Vilyuysk,63.7553,121.6247,78.24,57,13,1.34,RU,2022-07-14 03:22:31
287,Saint-Philippe,-21.3585,55.7679,62.19,80,49,12.21,RE,2022-07-14 03:22:31
288,Copala,16.65,-98.9833,79.29,82,96,2.24,MX,2022-07-14 03:22:31
289,Marang,5.2056,103.2059,84.11,75,86,3.51,MY,2022-07-14 03:22:32
290,Tiarei,-17.5333,-149.3333,82.42,66,18,19.42,PF,2022-07-14 03:22:32
291,Paita,-5.0892,-81.1144,63.27,85,17,14.29,PE,2022-07-14 03:22:33
292,Nishihara,26.1842,127.7558,87.08,79,75,5.75,JP,2022-07-14 03:22:33
293,Tuensang,26.2833,94.8333,86.16,58,2,1.45,IN,2022-07-14 03:22:33
294,Bethel,41.3712,-73.414,74.75,79,87,2.26,US,2022-07-14 03:22:34
295,Sarankhola,22.3082,89.7897,86.23,74,69,15.73,BD,2022-07-14 03:22:34
296,Bairiki,1.3292,172.9752,84.2,79,40,14.97,KI,2022-07-14 03:22:34
297,Ingham,42.6,-84.3833,66.38,85,0,0.0,US,2022-07-14 03:18:45
298,Alice Springs,-23.7,133.8833,58.55,38,0,13.8,AU,2022-07-14 03:21:13
299,Alta Gracia,-31.6529,-64.4283,51.89,56,0,7.99,AR,2022-07-14 03:22:35
300,Aswan,24.0934,32.907,82.63,29,69,14.41,EG,2022-07-14 03:22:35
301,Orange Cove,36.6244,-119.3137,93.61,28,0,5.75,US,2022-07-14 03:22:36
302,Hamilton,39.1834,-84.5333,76.05,83,75,23.02,US,2022-07-14 03:22:36
303,Santa Maria Del Oro,25.9333,-105.3667,79.68,32,97,3.13,MX,2022-07-14 03:22:37
304,Kudat,6.8837,116.8477,84.13,74,20,3.44,MY,2022-07-14 03:22:37
305,Shitkino,56.3703,98.3543,65.12,48,6,8.32,RU,2022-07-14 03:22:37
306,Grand-Bourg,15.8835,-61.3148,78.75,75,100,20.78,GP,2022-07-14 03:22:38
307,Kavieng,-2.5744,150.7967,83.5,74,100,6.93,PG,2022-07-14 03:22:38
308,Datong,40.0936,113.2914,81.36,25,77,5.41,CN,2022-07-14 03:22:39
309,Nouadhibou,20.931,-17.0347,69.78,83,19,23.02,MR,2022-07-14 03:22:39
310,Mount Pleasant,32.7941,-79.8626,82.99,89,20,8.99,US,2022-07-14 03:20:53
311,Matara,5.9485,80.5353,80.65,80,18,13.04,LK,2022-07-14 03:20:48
312,Puerto Ayacucho,5.6639,-67.6236,74.73,92,100,3.2,VE,2022-07-14 03:22:40
313,Yuzhou,34.1628,113.4639,95.05,54,46,2.71,CN,2022-07-14 03:22:40
314,Sinegorye,62.0788,150.477,74.59,58,95,10.09,RU,2022-07-14 03:22:40
315,Tuatapere,-46.1333,167.6833,42.55,87,94,7.94,NZ,2022-07-14 03:22:41
316,Luderitz,-26.6481,15.1594,54.79,54,0,14.45,NA,2022-07-14 03:22:41
317,Siuri,23.9167,87.5333,90.1,59,44,17.83,IN,2022-07-14 03:22:42
318,Balkanabat,39.5108,54.3671,93.38,17,0,5.86,TM,2022-07-14 03:22:42
319,Alenquer,-1.9417,-54.7383,74.57,89,97,3.67,BR,2022-07-14 03:22:42
320,Garowe,8.4054,48.4845,76.24,64,76,27.22,SO,2022-07-14 03:22:42
321,Ottawa,45.4112,-75.6981,68.11,74,100,6.91,CA,2022-07-14 03:20:33
322,Havoysund,70.9963,24.6622,55.63,98,100,7.85,NO,2022-07-14 03:22:43
323,Balikpapan,-1.2675,116.8289,76.19,94,40,6.91,ID,2022-07-14 03:18:30
324,Ilulissat,69.2167,-51.1,44.62,87,20,1.14,GL,2022-07-14 03:23:43
325,San,13.3034,-4.8956,83.37,56,92,6.46,ML,2022-07-14 03:23:44
326,Namatanai,-3.6667,152.4333,83.17,76,91,8.03,PG,2022-07-14 03:23:11
327,Sovata,46.5833,25.0667,48.31,70,9,1.39,RO,2022-07-14 03:23:44
328,Padang,-0.9492,100.3543,87.85,67,69,2.77,ID,2022-07-14 03:23:45
329,Henties Bay,-22.116,14.2845,54.84,90,0,7.87,NA,2022-07-14 03:23:45
330,Okitipupa,6.5047,4.7839,73.78,96,100,2.98,NG,2022-07-14 03:23:45
331,Victor Harbor,-35.5667,138.6167,57.0,72,72,3.58,AU,2022-07-14 03:23:46
332,Verkhoyansk,67.5447,133.385,69.13,49,13,5.44,RU,2022-07-14 03:23:46
333,Constitucion,-35.3333,-72.4167,40.24,93,100,4.97,CL,2022-07-14 03:23:47
334,Gornyy,55.1153,83.9059,59.54,55,52,3.94,RU,2022-07-14 03:23:47
335,Hofn,64.2539,-15.2082,50.22,81,76,9.33,IS,2022-07-14 03:23:47
336,Weiser,44.251,-116.9693,93.4,32,0,3.0,US,2022-07-14 03:23:48
337,Ust-Kuyga,70.0167,135.6,61.7,53,97,6.78,RU,2022-07-14 03:23:48
338,Ostrovnoy,68.0531,39.5131,65.21,84,16,6.96,RU,2022-07-14 03:23:49
339,Tessalit,20.1986,1.0114,91.67,24,45,9.4,ML,2022-07-14 03:23:49
340,Evensk,61.95,159.2333,59.27,78,15,9.86,RU,2022-07-14 03:23:49
341,Laibin,23.7,109.2667,87.78,66,0,3.67,CN,2022-07-14 03:23:50
342,Bela,25.9333,81.9833,95.67,40,1,21.14,IN,2022-07-14 03:23:50
343,Goderich,43.7501,-81.7165,62.91,94,2,1.14,CA,2022-07-14 03:23:51
344,Seydi,39.4816,62.9137,89.4,20,0,19.66,TM,2022-07-14 03:23:51
345,Palasa,18.7667,84.4167,78.82,83,100,8.75,IN,2022-07-14 03:23:51
346,Riverton,40.5219,-111.9391,80.38,49,40,13.8,US,2022-07-14 03:20:06
347,Burmakino,57.4166,40.2369,60.37,77,75,11.18,RU,2022-07-14 03:23:52
348,Altamont,42.2068,-121.7372,80.78,45,0,16.11,US,2022-07-14 03:23:52
349,Bubaque,11.2833,-15.8333,80.69,80,100,8.41,GW,2022-07-14 03:23:53
350,San Patricio,28.017,-97.5169,84.54,70,30,11.59,US,2022-07-14 03:23:53
351,Khovu-Aksy,51.1333,93.6,56.23,60,98,5.64,RU,2022-07-14 03:23:53
352,Mazatlan,23.2167,-106.4167,85.01,82,75,8.05,MX,2022-07-14 03:22:41
353,Klaksvik,62.2266,-6.589,49.12,84,98,8.99,FO,2022-07-14 03:23:54
354,Meridian,43.6121,-116.3915,92.98,33,0,9.22,US,2022-07-14 03:23:37
355,Tigre,-34.426,-58.5796,54.21,76,0,4.61,AR,2022-07-14 03:23:54
356,Roblin,51.23,-101.3565,65.59,92,53,8.9,CA,2022-07-14 03:23:55
357,Harlingen,26.1906,-97.6961,83.05,88,0,12.66,US,2022-07-14 03:22:08
358,Taltal,-25.4,-70.4833,54.37,82,35,6.51,CL,2022-07-14 03:23:55
359,Klyuchi,52.2667,79.1667,60.78,67,99,1.74,RU,2022-07-14 03:23:55
360,Nizwa,22.9333,57.5333,89.62,52,100,2.46,OM,2022-07-14 03:23:56
361,Alamos,27.0167,-108.9333,71.67,92,100,9.71,MX,2022-07-14 03:23:56
362,Porto-Vecchio,41.591,9.2795,72.93,88,40,3.44,FR,2022-07-14 03:23:57
363,Port Shepstone,-30.7414,30.455,62.26,34,0,7.78,ZA,2022-07-14 03:23:57
364,Rutland,43.6167,-73.0162,67.03,85,0,10.36,US,2022-07-14 03:19:41
365,Ternate,0.8,127.4,82.47,72,93,2.59,ID,2022-07-14 03:23:57
366,Homer,59.6425,-151.5483,59.77,77,75,11.5,US,2022-07-14 03:23:58
367,Moerai,-22.4333,-151.3333,71.8,64,35,23.22,PF,2022-07-14 03:23:58
368,Maymyo,22.0333,96.4667,76.48,77,28,1.32,MM,2022-07-14 03:23:59
369,Kropotkin,45.4375,40.5756,64.8,69,24,5.93,RU,2022-07-14 03:22:55
370,Santa Rosa De Cabal,4.8681,-75.6214,67.24,78,40,2.3,CO,2022-07-14 03:23:59
371,Hard,47.4941,9.6806,71.42,56,100,3.44,AT,2022-07-14 03:25:00
372,Lamar,33.6668,-95.5836,86.65,54,0,5.75,US,2022-07-14 03:25:00
373,Port-Gentil,-0.7193,8.7815,72.79,84,26,12.5,GA,2022-07-14 03:25:00
374,Thohoyandou,-22.9456,30.485,56.5,55,0,3.8,ZA,2022-07-14 03:25:01
375,Tsumeb,-19.2333,17.7167,55.69,39,0,6.93,NA,2022-07-14 03:25:01
376,Ribas Do Rio Pardo,-20.4431,-53.7592,65.26,74,8,3.33,BR,2022-07-14 03:25:02
377,Kungurtug,50.5994,97.5228,60.46,55,67,2.82,RU,2022-07-14 03:25:02
378,Barrow,71.2906,-156.7887,42.82,70,100,16.11,US,2022-07-14 03:25:03
379,Kattivakkam,13.2167,80.3167,84.29,71,60,21.21,IN,2022-07-14 03:25:03
380,Touros,-5.1989,-35.4608,73.85,88,31,11.39,BR,2022-07-14 03:20:36
381,Yanam,16.7333,82.2167,78.08,79,100,12.68,IN,2022-07-14 03:25:03
382,Palmer,42.1584,-72.3287,74.21,75,51,1.99,US,2022-07-14 03:25:04
383,Abalak,58.1286,68.5944,70.93,80,69,3.29,RU,2022-07-14 03:25:04
384,Kichera,55.9375,110.0997,77.31,45,18,3.18,RU,2022-07-14 03:25:04
385,Sal Rei,16.1833,-22.9167,73.42,78,84,13.71,CV,2022-07-14 03:25:05
386,Gympie,-26.1898,152.665,62.47,49,0,7.14,AU,2022-07-14 03:25:05
387,Birin,26.8865,88.0718,73.62,69,94,3.96,NP,2022-07-14 03:25:06
388,Marsaxlokk,35.8419,14.5431,75.07,94,0,1.14,MT,2022-07-14 03:25:06
389,Lucapa,-8.4192,20.7447,60.35,41,0,4.12,AO,2022-07-14 03:25:06
390,Ust-Maya,60.4167,134.5333,83.32,46,100,3.47,RU,2022-07-14 03:25:07
391,Bilibino,68.0546,166.4372,67.19,34,70,11.88,RU,2022-07-14 03:25:07
392,Barra Patuca,15.8,-84.2833,79.27,88,82,12.3,HN,2022-07-14 03:25:08
393,Sola,-13.8833,167.55,88.47,62,20,5.75,VU,2022-07-14 03:25:08
394,Kibaya,-5.3,36.5667,50.29,88,60,2.64,TZ,2022-07-14 03:25:08
395,Takoradi,4.8845,-1.7554,74.84,85,100,10.4,GH,2022-07-14 03:25:09
396,Manggar,-2.8833,108.2667,85.01,70,94,5.41,ID,2022-07-14 03:25:09
397,Santa Rosa,14.3122,121.1114,91.11,70,95,1.72,PH,2022-07-14 03:23:45
398,Paliyad,22.25,71.5667,80.17,88,100,1.5,IN,2022-07-14 03:25:10
399,Boulder City,35.9786,-114.8325,106.45,15,0,16.11,US,2022-07-14 03:23:11
400,Kenora,49.8167,-94.4337,67.17,63,20,5.75,CA,2022-07-14 03:25:10
401,Hokitika,-42.7167,170.9667,54.16,68,17,2.84,NZ,2022-07-14 03:25:10
402,Khiri Mat,16.8333,99.8,86.95,75,100,2.35,TH,2022-07-14 03:25:11
403,Manaus,-3.1019,-60.025,81.09,74,75,8.05,BR,2022-07-14 03:23:37
404,Washougal,45.5826,-122.3534,76.86,55,0,8.05,US,2022-07-14 03:24:08
405,Chitral,35.8462,71.7858,76.62,43,2,1.43,PK,2022-07-14 03:25:12
406,Northam,51.0333,-4.2167,57.61,85,17,7.4,GB,2022-07-14 03:25:12
407,Mildura,-34.2,142.15,53.08,67,0,8.3,AU,2022-07-14 03:25:12
408,Frunze,48.6686,38.7544,64.33,51,76,6.51,UA,2022-07-14 03:25:13
409,Duliby,49.2313,23.8153,60.13,83,86,6.73,UA,2022-07-14 03:25:13
410,Indian Head,38.6001,-77.1622,80.15,75,0,4.61,US,2022-07-14 03:25:14
411,Deputatskiy,69.3,139.9,52.93,63,100,8.97,RU,2022-07-14 03:25:14
412,Nam Som,17.7704,102.1895,85.3,83,100,4.36,TH,2022-07-14 03:25:14
413,Vila,42.0304,-8.1588,77.88,34,49,5.08,PT,2022-07-14 03:25:15
414,Manavalakurichi,8.1333,77.3,79.75,82,95,18.52,IN,2022-07-14 03:26:15
415,Pisco,-13.7,-76.2167,59.05,82,0,5.75,PE,2022-07-14 03:24:55
416,Houma,29.5958,-90.7195,80.01,89,0,0.0,US,2022-07-14 03:26:15
417,Pundaguitan,6.3711,126.1689,82.42,73,75,1.77,PH,2022-07-14 03:26:16
418,Javanrud,34.7961,46.5172,79.23,20,0,4.5,IR,2022-07-14 03:26:16
419,Belford Roxo,-22.7642,-43.3994,69.55,88,100,3.44,BR,2022-07-14 03:26:17
420,Sobolevo,54.4299,31.8996,52.77,97,100,3.33,RU,2022-07-14 03:26:17
421,Susanville,40.4163,-120.653,78.91,23,0,5.01,US,2022-07-14 03:26:17
422,Dudinka,69.4058,86.1778,58.62,49,31,6.49,RU,2022-07-14 03:26:18
423,Mananara,-16.1667,49.7667,65.79,91,67,5.08,MG,2022-07-14 03:26:18
424,Bilma,18.6853,12.9164,87.17,17,5,12.68,NE,2022-07-14 03:26:19
425,Severo-Kurilsk,50.6789,156.125,55.74,90,99,3.98,RU,2022-07-14 03:23:58
426,Pingliang,35.5392,106.6861,73.65,83,100,6.64,CN,2022-07-14 03:26:19
427,Inirida,3.8653,-67.9239,72.99,98,100,2.26,CO,2022-07-14 03:26:20
428,Yumen,40.2833,97.2,75.9,29,100,7.87,CN,2022-07-14 03:26:20
429,Duliagaon,27.3667,95.3167,85.87,73,28,1.83,IN,2022-07-14 03:26:20
430,Korla,41.7597,86.1469,82.56,22,100,8.52,CN,2022-07-14 03:26:21
431,Kostomuksha,64.571,30.5767,58.39,80,38,6.71,RU,2022-07-14 03:26:21
432,Xam Nua,20.4197,104.0439,75.85,83,99,2.48,LA,2022-07-14 03:26:22
433,Axim,4.8699,-2.2405,75.18,84,100,9.44,GH,2022-07-14 03:26:22
434,Matamoros,25.5333,-103.25,91.51,21,40,19.57,MX,2022-07-14 03:26:22
435,Wiang Sa,8.6359,99.3666,79.97,78,100,7.65,TH,2022-07-14 03:26:23
436,Zapolyarnyy,69.4154,30.8136,58.28,97,100,2.75,RU,2022-07-14 03:26:23
437,Severo-Yeniseyskiy,60.3725,93.0408,57.38,49,44,3.96,RU,2022-07-14 03:26:23
438,Gat,31.61,34.7642,74.08,100,5,3.38,IL,2022-07-14 03:26:24
439,Robertson,36.5167,-86.8667,78.78,86,40,0.0,US,2022-07-14 03:26:24
440,Tromso,69.6496,18.957,55.38,87,75,3.44,NO,2022-07-14 03:24:03
441,Sabha,27.0377,14.4283,73.8,45,1,16.87,LY,2022-07-14 03:26:25
442,San Cristobal,7.7669,-72.225,71.78,90,69,2.59,VE,2022-07-14 03:23:07
443,Arrifes,37.7667,-25.7,66.24,82,20,5.75,PT,2022-07-14 03:26:25
444,Serta,39.8085,-8.0988,77.95,27,13,2.04,PT,2022-07-14 03:26:25
445,Pacifica,37.6138,-122.4869,69.84,89,20,13.8,US,2022-07-14 03:23:58
446,Dwarka,22.2394,68.9678,83.62,81,93,6.49,IN,2022-07-14 03:26:26
447,Chernaya Kholunitsa,58.8511,51.7154,67.84,88,97,1.72,RU,2022-07-14 03:26:26
448,Weihai,37.5017,122.1136,77.4,83,12,5.46,CN,2022-07-14 03:26:27
449,Bethlehem,-1.4558,-48.5044,77.04,88,0,5.75,BR,2022-07-14 03:26:27
450,Rodney,42.5668,-81.6831,62.46,80,1,8.41,CA,2022-07-14 03:26:27
451,Avera,33.194,-82.5271,72.91,93,98,4.05,US,2022-07-14 03:26:28
452,Tigil,57.8,158.6667,77.72,45,31,15.01,RU,2022-07-14 03:26:28
453,Tooele,40.5308,-112.2983,78.17,44,0,13.8,US,2022-07-14 03:26:29
454,Fort Nelson,58.8053,-122.7002,60.39,67,75,4.61,CA,2022-07-14 03:26:29
455,Morant Bay,17.8815,-76.4093,83.82,88,10,6.98,JM,2022-07-14 03:26:29
456,Tiznit,29.5833,-9.5,77.54,39,0,2.75,MA,2022-07-14 03:26:30
457,Belawan,3.7755,98.6832,84.49,84,100,2.8,ID,2022-07-14 03:26:30
458,Kanniyakumari,8.0833,77.5667,81.03,74,85,24.16,IN,2022-07-14 03:26:31
459,Terney,45.0503,136.6092,63.48,98,100,9.91,RU,2022-07-14 03:26:31
460,Kevsala,45.7983,42.6903,69.17,76,3,6.73,RU,2022-07-14 03:26:31
461,Lagoa,39.05,-27.9833,68.2,93,98,12.19,PT,2022-07-14 03:26:32
462,Scottsboro,34.6723,-86.0341,76.17,100,100,0.0,US,2022-07-14 03:27:32
463,Cermik,38.1361,39.4493,75.72,46,0,7.87,TR,2022-07-14 03:27:33
464,Vestmannaeyjar,63.4427,-20.2734,49.62,80,100,12.55,IS,2022-07-14 03:27:33
465,Taitung,22.7583,121.1444,88.07,74,75,13.8,TW,2022-07-14 03:27:33
466,Kirillov,59.863,38.3813,59.94,91,23,4.03,RU,2022-07-14 03:27:34
467,Pincher Creek,49.4833,-113.952,73.89,35,0,10.36,CA,2022-07-14 03:27:34
468,Roald,62.5833,6.1333,54.16,79,100,18.63,NO,2022-07-14 03:27:35
469,Port Hedland,-20.3167,118.5667,77.05,20,29,18.41,AU,2022-07-14 03:27:35
470,Esperance,-33.8667,121.9,63.59,45,49,19.75,AU,2022-07-14 03:27:35
471,Grafton,42.207,-71.6856,72.57,79,40,2.39,US,2022-07-14 03:27:36
472,Thinadhoo,0.5333,72.9333,83.41,74,37,11.56,MV,2022-07-14 03:27:36
473,Arman,59.7,150.1667,80.02,65,60,5.99,RU,2022-07-14 03:27:36
474,Souillac,-20.5167,57.5167,70.18,73,75,11.5,MU,2022-07-14 03:27:37
475,Kamenka,51.3223,42.7678,63.41,91,94,5.23,RU,2022-07-14 03:27:37
476,Bozeman,45.6796,-111.0386,69.21,70,32,3.0,US,2022-07-14 03:27:37
477,Sinnamary,5.3833,-52.95,75.74,90,100,4.16,GF,2022-07-14 03:27:38
478,Kailua,21.4022,-157.7394,82.38,83,20,12.66,US,2022-07-14 03:25:16
479,Vung Tau,10.346,107.0843,81.52,78,100,14.81,VN,2022-07-14 03:27:38
480,Amuntai,-2.4177,115.2494,75.63,93,100,0.49,ID,2022-07-14 03:27:38
481,Petropavlovsk-Kamchatskiy,53.0452,158.6483,70.39,68,20,15.66,RU,2022-07-14 03:27:39
482,Pacific Grove,36.6177,-121.9166,66.2,84,75,6.91,US,2022-07-14 03:27:39
483,Porgera,-5.4667,143.2,57.27,68,58,2.3,PG,2022-07-14 03:27:40
484,Nova Olimpia,-14.7972,-57.2881,73.87,41,85,4.34,BR,2022-07-14 03:27:40
485,Cozumel,20.5083,-86.9458,82.47,81,40,5.99,MX,2022-07-14 03:27:40
486,Aguilas,37.4063,-1.5829,78.17,45,0,2.93,ES,2022-07-14 03:27:41
487,Bouna,9.2667,-3.0,71.44,93,84,5.55,CI,2022-07-14 03:27:41
488,Ipixuna,-1.7625,-48.8043,73.51,96,98,4.07,BR,2022-07-14 03:27:41
489,Isiolo,0.3546,37.5822,63.68,59,99,5.06,KE,2022-07-14 03:27:42
490,Hameenlinna,60.996,24.4643,60.15,97,100,5.64,FI,2022-07-14 03:23:55
491,Uray,60.1247,64.7758,75.27,60,53,6.51,RU,2022-07-14 03:27:42
492,Fairbanks,64.8378,-147.7164,66.22,55,75,11.5,US,2022-07-14 03:27:43
493,Reinosa,42.9996,-4.138,60.04,37,28,2.86,ES,2022-07-14 03:27:43
494,Antalaha,-14.9003,50.2788,65.77,85,14,7.58,MG,2022-07-14 03:27:43
495,Andros Town,24.7,-77.7667,84.16,73,14,13.94,BS,2022-07-14 03:27:44
496,Kahului,20.8947,-156.47,84.22,73,40,24.16,US,2022-07-14 03:23:57
497,Namibe,-15.1961,12.1522,62.42,87,0,0.4,AO,2022-07-14 03:27:44
498,Porto Novo,6.4965,2.6036,76.82,89,93,6.42,BJ,2022-07-14 03:27:44
499,Carutapera,-1.195,-46.02,76.05,89,51,6.08,BR,2022-07-14 03:27:45
500,San Rafael,-34.6177,-68.3301,42.73,48,2,4.5,AR,2022-07-14 03:27:45
501,Andenes,69.3143,16.1194,53.92,94,100,5.75,NO,2022-07-14 03:23:50
502,Aguazul,5.1728,-72.5471,72.19,96,95,2.51,CO,2022-07-14 03:27:45
503,Derzhavinsk,51.1,66.3167,76.71,50,2,8.61,KZ,2022-07-14 03:27:46
504,Cuiluan,47.72,128.648,72.91,80,100,10.22,CN,2022-07-14 03:27:46
505,Mbanza-Ngungu,-5.25,14.8667,61.47,95,5,6.42,CD,2022-07-14 03:27:47
506,Walvis Bay,-22.9575,14.5053,54.09,93,0,1.14,NA,2022-07-14 03:27:47
507,Vao,-22.6667,167.4833,71.31,72,96,29.86,NC,2022-07-14 03:27:48
508,Amahai,-3.3333,128.9167,74.05,91,100,4.36,ID,2022-07-14 03:27:48
509,Nirasaki,35.7,138.45,73.47,94,100,2.8,JP,2022-07-14 03:27:48
510,Qasigiannguit,68.8193,-51.1922,44.85,92,93,3.71,GL,2022-07-14 03:27:49
511,Nizhniy Kuranakh,58.8353,125.4869,67.05,84,100,0.85,RU,2022-07-14 03:28:49
512,Moundou,8.5667,16.0833,70.21,89,100,2.93,TD,2022-07-14 03:28:49
513,Mezen,65.8522,44.24,70.81,76,89,6.24,RU,2022-07-14 03:28:50
514,Sita Road,27.0333,67.85,92.03,60,37,9.91,PK,2022-07-14 03:28:50
515,Pangnirtung,66.1451,-65.7125,44.91,88,65,2.66,CA,2022-07-14 03:28:51
516,Sao Joao Do Piaui,-8.3581,-42.2467,78.01,65,100,10.22,BR,2022-07-14 03:28:51
517,Anadyr,64.75,177.4833,57.7,82,75,4.47,RU,2022-07-14 03:28:51
518,Vardo,70.3705,31.1107,51.78,100,100,3.44,NO,2022-07-14 03:28:52
519,Sovetskiy,61.3614,63.5842,75.09,60,84,4.68,RU,2022-07-14 03:28:52
520,Japura,-0.3167,102.35,79.07,91,99,1.7,ID,2022-07-14 03:28:53
521,Manta,-0.95,-80.7333,71.38,83,75,8.05,EC,2022-07-14 03:27:58
522,Shelburne,44.0787,-80.2041,58.77,92,10,5.14,CA,2022-07-14 03:28:53
523,Kamaishi,39.2667,141.8833,72.05,80,98,6.02,JP,2022-07-14 03:27:06
524,Yar-Sale,66.8333,70.8333,58.89,75,92,8.39,RU,2022-07-14 03:28:53
525,Kaduna,10.5222,7.4383,68.14,94,100,4.59,NG,2022-07-14 03:26:04
526,Sao Miguel Do Tapuio,-5.5036,-41.3233,75.92,55,33,6.69,BR,2022-07-14 03:28:54
527,Golyshmanovo,56.3979,68.3728,70.2,82,33,7.96,RU,2022-07-14 03:28:54
528,Banda Aceh,5.5577,95.3222,84.11,72,100,10.11,ID,2022-07-14 03:25:02
529,Cayenne,4.9333,-52.3333,77.09,1,75,1.01,GF,2022-07-14 03:23:59
530,Ranong,9.9658,98.6348,82.33,84,99,10.49,TH,2022-07-14 03:28:55
531,Despotovac,44.0925,21.4469,57.87,54,0,3.67,RS,2022-07-14 03:25:10
532,Goryachegorsk,55.4053,88.9154,56.01,57,89,3.67,RU,2022-07-14 03:28:55
533,Nogliki,51.8333,143.1667,58.73,83,69,14.54,RU,2022-07-14 03:28:56
534,Waipawa,-41.4122,175.5153,47.08,80,100,5.32,NZ,2022-07-14 03:28:56
535,Verkhniy Avzyan,53.5289,57.5372,67.75,88,1,2.21,RU,2022-07-14 03:28:57
536,Makakilo City,21.3469,-158.0858,80.92,69,75,14.97,US,2022-07-14 03:28:57
537,Kolvereid,64.8655,11.6047,50.38,93,87,6.31,NO,2022-07-14 03:28:57
538,Yeppoon,-23.1333,150.7333,64.18,42,0,16.06,AU,2022-07-14 03:28:58
539,Birao,10.2849,22.7882,70.83,92,100,3.98,CF,2022-07-14 03:28:58
540,Kiunga,-6.1219,141.2906,79.84,78,90,6.4,PG,2022-07-14 03:28:58
541,Haines Junction,60.7522,-137.5108,58.95,63,41,5.75,CA,2022-07-14 03:28:59
542,Mayumba,-3.432,10.6554,68.56,89,12,4.45,GA,2022-07-14 03:28:59
543,Basti,26.8,82.7167,95.77,46,35,14.43,IN,2022-07-14 03:29:00
544,Shemonaikha,50.6328,81.9056,65.48,43,83,11.61,KZ,2022-07-14 03:29:00
545,Innisfail,-17.5333,146.0333,65.62,47,6,11.54,AU,2022-07-14 03:29:01
546,Ulladulla,-35.35,150.4667,56.17,56,60,13.98,AU,2022-07-14 03:29:01
547,Awbari,26.5921,12.7805,73.98,33,23,9.86,LY,2022-07-14 03:29:01
548,Jiamusi,46.8333,130.35,74.71,82,100,10.85,CN,2022-07-14 03:29:02
549,Vostok,46.4856,135.8833,74.77,61,96,7.38,RU,2022-07-14 03:29:02
550,Wanxian,30.8039,108.3897,95.18,57,100,3.0,CN,2022-07-14 03:29:03
551,Dauphin,51.1494,-100.0502,71.74,68,0,6.91,CA,2022-07-14 03:29:03
552,Gornopravdinsk,60.05,69.9,70.38,76,78,6.71,RU,2022-07-14 03:29:03
553,Natitingou,10.3042,1.3796,70.0,98,99,3.58,BJ,2022-07-14 03:29:04
554,Bondoukou,8.0333,-2.8,69.49,98,98,6.4,CI,2022-07-14 03:29:04
555,Kumano,34.3442,132.5894,76.95,82,84,6.53,JP,2022-07-14 03:29:05
556,Manado,1.487,124.8455,81.37,89,40,4.61,ID,2022-07-14 03:29:05
557,Biskamzha,53.4497,89.5272,57.0,62,98,3.44,RU,2022-07-14 03:29:05
558,Margate,51.3813,1.3862,64.31,89,76,1.99,GB,2022-07-14 03:30:06
559,Progreso,21.2833,-89.6667,84.11,68,100,9.46,MX,2022-07-14 03:30:06
560,Snasa,64.2457,12.3778,50.47,98,100,8.61,NO,2022-07-14 03:30:06
561,Zaria,11.1113,7.7227,69.39,87,100,9.51,NG,2022-07-14 03:30:07
562,Knysna,-34.0363,23.0471,60.85,53,97,9.28,ZA,2022-07-14 03:30:07
563,Medzev,48.7004,20.8937,62.76,65,84,2.62,SK,2022-07-14 03:30:08
564,Atambua,-9.1061,124.8925,79.14,56,92,2.15,ID,2022-07-14 03:30:08
565,Olavarria,-36.8927,-60.3225,47.01,76,100,8.84,AR,2022-07-14 03:28:39
566,Svetlyy,54.675,20.1347,62.96,75,0,17.69,RU,2022-07-14 03:30:09
